,synthetic_promoter,Rho_basal_wt,Rho_basal_crxnull,hsp68_basal_wt,NRL_motif,CRX_affinity_score,rho_basal_norm,CRX_motif,log2_expr
0,cn,2.24417764,1.406209453,0.094854613,1,0.9998766,20.58670813,1,4.363641252482294
1,cN,1.957457418,1.150789136,0.116060746,1,0.9998766,17.95651281,1,4.166435297962059
2,Cn,2.186210831,1.461819823,0.068311893,1,0.9998766,20.05495621,1,4.325886910918378
3,CN,2.626150036,1.740058043,0.111688265,1,0.9998766,24.09068843,1,4.590403716373908
4,nc,2.324386636,1.640985689,0.159414028,1,0.9998766,21.32249623,1,4.414304439543139
5,nC,1.657796878,0.986896607,0.092005953,1,0.9998766,15.20761096,1,3.926721625538689
6,Nc,2.438452604,1.50712699,0.044482134,1,0.9998766,22.3688674,1,4.4834203053402915
7,NC,1.689558851,1.19244836,0.096124354,1,0.9998766,15.4989758,1,3.9541009776719527
8,ccn,3.222702753,2.538507638,2.619735893,1,1.9997532,29.56309687,2,4.885725501210729
9,ccN,2.762938855,2.127488064,3.083146713,1,1.9997532,25.34550509,2,4.663658009399775
10,cCn,2.996307755,2.370210568,1.687361392,1,1.9997532,27.48628813,2,4.7806401869687445
11,cCN,3.425945535,2.843997597,3.107816543,1,1.9997532,31.4275214,2,4.973956590220533
12,Ccn,3.46973679,2.662531724,2.583550651,1,1.9997532,31.82923549,2,4.9922806000223146
13,CcN,3.687902101,2.701901659,3.636801697,1,1.9997532,33.83055014,2,5.080254732787708
14,CCn,3.615006706,2.84513928,3.31984471,1,1.9997532,33.16185253,2,5.051452697655633
15,CCN,3.325794888,2.861626449,5.394363659,1,1.9997532,30.50880084,2,4.931153570242005
16,cnc,2.500537968,1.984114725,1.3134925,1,1.9997532,22.93840042,2,4.519692885256179
17,cnC,2.488240379,1.759828788,1.255975316,1,1.9997532,22.82558989,2,4.512580239669951
18,cNc,2.477736224,1.972490041,0.889139099,1,1.9997532,22.72923122,2,4.5064769830092315
19,cNC,2.617593804,1.815259646,1.120250984,1,1.9997532,24.01219881,2,4.585695612867929
20,Cnc,3.168623662,2.67660408,1.562137748,1,1.9997532,29.06700849,2,4.86131069512924
21,CnC,3.025820026,2.057950874,1.759401654,1,1.9997532,27.75701559,2,4.7947805538350385
22,CNc,2.881592241,2.50012711,2.058093906,1,1.9997532,26.43395842,2,4.724320576064115
23,CNC,3.161023085,2.381124803,2.553626849,1,1.9997532,28.99728546,2,4.857845945586267
24,ncc,2.843714543,2.709412523,4.047028329,1,1.9997532,26.08649167,2,4.70523102637003
25,ncC,2.741879189,2.2679776,2.685930498,1,1.9997532,25.15231664,2,4.6526193796545
26,nCc,2.867459501,2.229535819,2.664179168,1,1.9997532,26.30431334,2,4.71722748467089
27,nCC,2.138194105,1.738944713,2.28590352,1,1.9997532,19.61448024,2,4.293847201135432
28,Ncc,2.866064144,2.519493425,3.197513716,1,1.9997532,26.29151319,2,4.716525272555954
29,NcC,2.59667763,1.928812489,1.857495553,1,1.9997532,23.82032666,2,4.574121292620483
30,NCc,2.606593227,2.200703545,2.834152858,1,1.9997532,23.91128626,2,4.57961983392942
31,NCC,1.887958922,1.661831385,2.737120608,1,1.9997532,17.31897627,2,4.1142817493258885
32,cccN,1.942377724,2.389802244,10.7723818,1,2.9996298,17.81818095,3,4.155278155183329
33,cCcN,3.281971033,2.924896009,11.62612099,1,2.9996298,30.10678769,3,4.9120168796375685
34,cCCn,2.68731547,2.447078144,12.28220559,1,2.9996298,24.65178257,3,4.623620066517601
35,CCCN,3.141352291,3.691172396,22.89356506,1,2.9996298,28.81683767,3,4.848840119222739
36,CcNc,2.647795673,2.369784352,14.27476777,1,2.9996298,24.28925221,3,4.602246169483149
37,cnCC,1.714917999,2.15562678,12.72482024,1,2.9996298,15.73160506,3,3.97559396805482
38,cNcC,2.02463811,1.811751568,8.448696786,1,2.9996298,18.57278724,3,4.215118433347679
39,CnCc,2.451146907,2.367632315,15.95304402,1,2.9996298,22.48531714,3,4.490911327263365
40,CnCC,2.211890262,2.315573646,15.3508664,1,2.9996298,20.29052354,3,4.342734185157751
41,CNCc,2.454767091,2.31364385,18.04082917,1,2.9996298,22.51852649,3,4.493040521989325
42,ncCc,2.063611105,1.969336922,15.50444869,1,2.9996298,18.93030158,3,4.242625489790824
43,nCcc,0.956537598,2.534135207,16.9422818,1,2.9996298,8.774688775,3,3.1333479561036106
44,Nccc,0.218551136,1.906636688,13.10177602,1,2.9996298,2.004853969,3,1.0034971564447368
45,NcCC,1.192391443,2.346752702,11.9172457,1,2.9996298,10.93826717,3,3.4513123007274538
46,NCCc,0.470299533,2.07399383,19.39682008,1,2.9996298,4.314239233,3,2.109106178977085
47,NCCC,0.271350931,1.805334949,15.13683857,1,2.9996298,2.489206878,3,1.3156861376961049
48,c,0.559031087,0.430122129,0.02361364,0,0.9998766,5.128208043,1,2.358454790918464
49,C,0.570656982,0.403284654,0.094921744,0,0.9998766,5.234856868,1,2.388150091377749
50,cc,0.485923836,1.47953138,0.274880055,0,1.9997532,4.457566998,2,2.1562564819682635
51,cC,0.783183435,1.072848182,0.175057459,0,1.9997532,7.184444093,2,2.8448765303361356
52,Cc,0.71360422,1.559489251,0.243132805,0,1.9997532,6.546167084,2,2.7106504261195994
53,CC,0.520750379,1.200849286,0.399291453,0,1.9997532,4.777044326,2,2.2561182635798906
54,ccc,0.102794312,1.782966304,1.899748062,0,2.9996298,0.94297192,3,-0.08471328419898685
55,ccC,0.227686659,1.640838474,1.697874385,0,2.9996298,2.088657649,3,1.0625760402432853
56,cCc,0.267943018,2.086757826,1.436810077,0,2.9996298,2.457944776,3,1.2974525022500614
57,cCC,0.211072042,1.619952383,1.470767959,0,2.9996298,1.936245351,3,0.9532617750523921
58,Ccc,0.15362086,1.830854328,2.410079205,0,2.9996298,1.409223473,3,0.49490041067121604
59,CcC,0.342785374,1.690082679,1.83481737,0,2.9996298,3.14450261,3,1.652831833054925
60,CCc,0.174071987,1.671927796,2.769245247,0,2.9996298,1.596829558,3,0.6752103309389537
61,CCC,0.106287671,1.251950158,2.507980149,0,2.9996298,0.975017851,3,-0.03649946237032363
62,cccc,0.267949011,0.93109558,0.3030382,0,3.9995064,2.457999752,4,1.2974847701497982
63,Cccc,0.020350686,1.000949279,1.610722797,0,3.9995064,0.186684702,4,-2.421324385068268
64,CccC,0.069295951,1.826175191,4.147357708,0,3.9995064,0.635678519,4,-0.6536307575270486
65,CCCC,0.0495322,0.556801533,1.158694035,0,3.9995064,0.454377999,4,-1.138035113702395
66,basal_only,0.109010529,0.02826388,0.021857402,0,0.0,1.0,0,0.0
