-0.27293872412339604,0.004894454806138029,0.04092394639970838,0.09437175626366032,0.10875528695095853,0.17078753012536363,0.10283849214834602,0.20875671298988277,0.18080953271560724,0.10202252030059009,0.07395000266690485,0.004894454806138029,0.10177161799980745,0.04609156854126358,-0.05756569196334593,-0.04626338824920182,-0.13132099088418375,-0.09552628062824625,0.06816055028654404,-0.07101685929469757,-0.016846526648710548,-0.013501492692266078,0.04092394639970838,0.04609156854126358,0.061363192005539566,0.05049204886901677,-0.17410583437806482,-0.06276062565506244,-0.14575073376087108,0.14881864490312563,-0.028526989975820326,-0.1910151966315491,-0.09614990605613548,0.0943717562636603,-0.05756569196334592,0.05049204886901677,-0.035557995932418734,0.1315197079120946,0.025936827038765858,-0.05446990006893051,-0.41702241505206067,-0.17025651754601123,0.17212546586221714,0.10998852076798804,0.10875528695095853,-0.046263388249201814,-0.17410583437806484,0.1315197079120946,0.1581709730822772,-0.12787223325658909,-0.13496120171842313,0.028635808256319627,0.16803020240319658,-0.089923567746313,-0.2256857080764873,0.17078753012536363,-0.13132099088418375,-0.06276062565506244,0.025936827038765865,-0.12787223325658909,0.15909375157860464,0.21208100969602883,-0.08640716960956138,-0.11924719168022765,-0.19333366495055743,-0.23631355345284727,0.10283849214834602,-0.09552628062824624,-0.14575073376087108,-0.05446990006893051,-0.13496120171842313,0.21208100969602883,0.18185579558279136,-0.034153309003204076,0.01596387184402588,-0.08439985517980955,-0.13096802945655767,0.20875671298988277,0.06816055028654402,0.14881864490312563,-0.41702241505206067,0.028635808256319634,-0.08640716960956138,-0.03415330900320407,-0.46110754512577257,-0.09048201831697197,0.0523833614728618,0.03319381601815725,0.18080953271560724,-0.07101685929469759,-0.028526989975820326,-0.17025651754601123,0.16803020240319655,-0.11924719168022765,0.01596387184402589,-0.09048201831697197,-0.16877674833892317,-0.004538842968862034,-0.06781776243960566,0.10202252030059014,-0.01684652664871055,-0.1910151966315491,0.1721254658622171,-0.08992356774631301,-0.19333366495055743,-0.08439985517980955,0.0523833614728618,-0.004538842968862035,-0.12277405843720457,0.18188637612898645,0.07395000266690485,-0.013501492692266078,-0.09614990605613546,0.10998852076798804,-0.22568570807648736,-0.23631355345284732,-0.13096802945655764,0.03319381601815725,-0.06781776243960566,0.18188637612898648,0.03628390578294416
-0.2710259772101794,-0.021977677233806316,0.04093328651937678,0.10717827175413404,0.1007818554460164,0.17510040678466704,0.13180471613537242,0.2093931220543234,0.21951454370556958,0.08931387578899867,0.09048191579021542,-0.021977677233806312,0.1253199840340945,-0.006585012972019433,0.009761041353043644,-0.06400968886591503,-0.12405383219491659,-0.047427099015818014,0.07352437273449615,-0.021437829235870433,-0.04230920790795345,-0.008996095567401257,0.04093328651937678,-0.006585012972019433,0.11221049081562169,0.038977653167324336,-0.1511118466561841,-0.043647676692548175,-0.1370286839868243,0.15328147868470704,-0.035352962693556526,-0.17385053592840252,-0.09272611894968807,0.10717827175413404,0.009761041353043641,0.03897765316732434,-0.06865307750744415,0.06740757023934454,0.016546724635737354,-0.10741852620384751,-0.4236376588909484,-0.2069352677274142,0.1629636889562764,0.07702099977372426,0.1007818554460164,-0.06400968886591503,-0.15111184665618407,0.06740757023934454,0.27735944018369574,-0.12923525250250403,-0.10877369155292645,0.05414577636068145,0.10590013411519714,-0.06173857528535718,-0.2189863603379571,0.17510040678466704,-0.12405383219491659,-0.043647676692548175,0.016546724635737354,-0.12923525250250403,0.16305992153870053,0.1700450431091225,-0.07860843404865395,-0.15960290864985732,-0.2004614048792611,-0.23657458402123202,0.13180471613537242,-0.04742709901581801,-0.1370286839868243,-0.10741852620384748,-0.10877369155292645,0.1700450431091225,0.05492793270483094,-0.026621527882571112,-0.029377909468968,-0.07986938773260796,-0.19606476133513473,0.2093931220543234,0.07352437273449615,0.15328147868470704,-0.42363765889094845,0.05414577636068145,-0.07860843404865395,-0.026621527882571112,-0.492814315914765,-0.12660254120673034,0.07483023915150491,0.019181281430231893,0.21951454370556958,-0.021437829235870433,-0.03535296269355652,-0.2069352677274142,0.10590013411519712,-0.15960290864985732,-0.029377909468968,-0.1266025412067303,-0.21238931210065964,-0.001924969514668634,-0.1072283931729973,0.08931387578899867,-0.04230920790795345,-0.17385053592840255,0.1629636889562764,-0.061738575285357186,-0.2004614048792611,-0.07986938773260796,0.07483023915150491,-0.0019249695146686327,-0.08240530209856275,0.19126240902122074,0.09048191579021543,-0.008996095567401257,-0.09272611894968809,0.07702099977372427,-0.2189863603379571,-0.23657458402123197,-0.19606476133513473,0.0191812814302319,-0.1072283931729973,0.19126240902122074,0.08168197202751508
-0.243203928259014,0.0414689962061207,-0.05590407933519352,0.10842128238519497,0.08466676106517816,0.1442937510014424,0.13294644812007142,0.18728707104434122,0.1615306800099944,0.09500970744281616,0.050441749654752434,0.0414689962061207,0.10762883064748449,0.10346291149076685,-0.03458392879245216,-0.10723286395576884,-0.19611037564398856,-0.07532357875502221,-0.0074254480228978185,-0.036713795066345783,-0.06074115664142765,-0.05797350058457514,-0.05590407933519352,0.10346291149076685,0.0664392616287582,0.053846403050316294,-0.150171533991193,-0.009534884228624394,-0.12764085069360045,0.21591825718004815,-0.07111349256194274,-0.12627882101387417,-0.08225865826971576,0.10842128238519497,-0.03458392879245216,0.053846403050316294,-0.04318161392566232,0.10228765598966567,0.020407192486885706,-0.13055841700149323,-0.4093408599853718,-0.1880138067739188,0.14265078879786003,0.12336899477200809,0.08466676106517816,-0.10723286395576884,-0.150171533991193,0.10228765598966567,0.16685087158564552,-0.10152615115077199,-0.01488958777734391,0.088724703073826,0.17288801942343965,-0.0563155657565821,-0.21537090463202907,0.14429375100144237,-0.19611037564398856,-0.009534884228624392,0.020407192486885706,-0.10152615115077199,0.23555292677318676,0.21140032056593921,-0.05257874229023424,-0.09476407341586321,-0.1909274390505206,-0.20707929725299157,0.13294644812007142,-0.07532357875502223,-0.12764085069360045,-0.13055841700149323,-0.01488958777734391,0.21140032056593916,0.04929653823406669,-0.055264354817257985,0.011981653252111178,-0.1058125085673095,-0.1786430318731713,0.18728707104434122,-0.0074254480228978185,0.21591825718004815,-0.4093408599853719,0.08872470307382602,-0.05257874229023422,-0.055264354817258,-0.4042006008957178,-0.11568956818109462,0.059176653739924714,0.0817785898108153,0.16153068000999438,-0.036713795066345783,-0.07111349256194274,-0.18801380677391877,0.17288801942343965,-0.09476407341586321,0.01198165325211118,-0.11568956818109462,-0.10334566994143439,-0.0040624022613779094,-0.01419907668723184,0.09500970744281614,-0.06074115664142764,-0.12627882101387417,0.14265078879786003,-0.05631556575658209,-0.1909274390505206,-0.1058125085673095,0.059176653739924714,-0.004062402261377912,-0.08034932723500723,0.19450034129451949,0.050441749654752434,-0.05797350058457514,-0.08225865826971578,0.12336899477200809,-0.21537090463202907,-0.2070792972529915,-0.1786430318731713,0.0817785898108153,-0.01419907668723184,0.1945003412945195,0.09520311545849718
-0.28772820976831215,0.046949254661944356,0.06450116017060492,0.11316449751921084,0.06636951785704095,0.16749844435866296,0.102016205820926,0.18722220256969307,0.17283826119392554,0.07538505162188058,0.07968129944343591,0.046949254661944356,0.09030126197747454,-0.0625165381182542,0.005890682653858931,-0.11760571746075672,-0.1303903825377375,-0.040333354077526154,0.009530419252830033,-0.012456215228519635,-0.06900987169719215,0.0412441107324546,0.06450116017060493,-0.0625165381182542,0.029316942874607697,0.062081794485360844,-0.13677367524928105,-0.009341030590080786,-0.17228402317473285,0.19261213701689922,-0.031853859963884935,-0.15502329621194322,-0.07444707160101398,0.11316449751921084,0.005890682653858928,0.06208179448536085,-0.10746659792072703,0.08360279657693832,0.0076787012759934,-0.08738744022145539,-0.4174544052915343,-0.1822007505036359,0.1518614243781336,0.04849652387601144,0.06636951785704095,-0.11760571746075672,-0.13677367524928105,0.08360279657693832,0.31066374135811026,-0.09737084554737892,-0.12582181422000535,0.09368534235649885,0.16857788527017073,-0.006374336438706138,-0.1994886164201546,0.16749844435866296,-0.1303903825377375,-0.00934103059008079,0.0076787012759934005,-0.09737084554737892,0.17102964306115048,0.1557600829763672,-0.07131548000853967,-0.1485623572328413,-0.19375401095810574,-0.2920917013298716,0.10201620582092603,-0.04033335407752615,-0.17228402317473285,-0.08738744022145539,-0.12582181422000532,0.15576008297636718,0.06483695628524118,0.026112272957416548,0.021749433334876448,-0.04960771895068249,-0.1814107872099265,0.18722220256969307,0.009530419252830033,0.19261213701689922,-0.4174544052915342,0.09368534235649885,-0.07131548000853967,0.026112272957416548,-0.43309506398267905,-0.10376658259451776,0.0802352593132984,0.03910709615465892,0.17283826119392554,-0.012456215228519635,-0.03185385996388494,-0.1822007505036359,0.1685778852701707,-0.1485623572328413,0.02174943333487645,-0.10376658259451776,-0.1723535108979883,0.005844946343031086,-0.14008993549987564,0.07538505162188057,-0.06900987169719215,-0.15502329621194325,0.1518614243781336,-0.006374336438706138,-0.19375401095810574,-0.049607718950682486,0.08023525931329839,0.005844946343031086,-0.07699016925459122,0.23048187839498685,0.07968129944343591,0.041244110732454604,-0.07444707160101399,0.04849652387601143,-0.19948861642015459,-0.2920917013298716,-0.18141078720992648,0.03910709615465892,-0.14008993549987564,0.23048187839498682,-0.024161417988080348
-0.24800087382961777,0.003907705901821915,-0.00675797071030558,0.10851187082460953,0.07283802953229772,0.15932190959914894,0.10405001930414412,0.2091012908237532,0.1945033278525956,0.07972596287371717,0.0799444296257508,0.003907705901821913,0.10016805638537121,-0.01165454298834001,0.008808521320534973,-0.09181868184249783,-0.14060178145464622,-0.043017846715448047,0.06771445675234933,-0.007671206463499456,-0.03702591707392892,-0.02323346021158735,-0.006757970710305575,-0.011654542988340006,0.09438598749727335,0.0717795447933061,-0.08958521249335187,-0.017945883538537773,-0.13127129791560352,0.16686632214788047,0.0024325786576621196,-0.15368517807818302,-0.0261080396292928,0.10851187082460953,0.008808521320534977,0.0717795447933061,-0.08880788252768582,0.09861281273034542,0.026625926236556463,-0.10798514993941111,-0.4544408905933355,-0.22773654067721932,0.16313014542260917,0.07438779262292161,0.07283802953229772,-0.09181868184249783,-0.08958521249335187,0.09861281273034542,0.20154248866490843,-0.09091493619174121,-0.08142251924532487,0.05636257148891135,0.12165014429809425,-0.0465168144184498,-0.20993909763314184,0.15932190959914894,-0.14060178145464625,-0.017945883538537776,0.026625926236556456,-0.09091493619174121,0.16099872409991384,0.1530401533822789,-0.06479175397389367,-0.16164028847536352,-0.17940066560067489,-0.23500393535191727,0.10405001930414412,-0.04301784671544804,-0.13127129791560352,-0.10798514993941111,-0.08142251924532484,0.15304015338227886,0.11922186156654871,-0.02396360061212835,-0.006583268456821693,-0.05597413279539354,-0.18256460483486964,0.2091012908237532,0.06771445675234933,0.16686632214788047,-0.4544408905933356,0.05636257148891135,-0.06479175397389367,-0.02396360061212835,-0.4786340621867124,-0.11410800160209193,0.05938117820810544,0.032776831965197026,0.1945033278525956,-0.007671206463499458,0.0024325786576621183,-0.22773654067721932,0.12165014429809422,-0.16164028847536352,-0.006583268456821695,-0.11410800160209193,-0.23302306564111291,0.005351145275034966,-0.09149341638952777,0.07972596287371717,-0.03702591707392892,-0.15368517807818308,0.16313014542260917,-0.046516814418449806,-0.17940066560067489,-0.05597413279539354,0.05938117820810544,0.005351145275034966,-0.10861355013980496,0.1839242652995347,0.07994442962575081,-0.023233460211587346,-0.0261080396292928,0.0743877926229216,-0.2099390976331419,-0.23500393535191727,-0.18256460483486964,0.032776831965197026,-0.09149341638952775,0.1839242652995347,0.01227787252459139
-0.34065152745422467,0.056625128887077755,0.09791856061544349,0.14130935216702029,0.0878213751735127,0.18680704128932435,0.09059121233049008,0.2077614863088538,0.21108659202477292,0.1059962015880124,0.06258068762933887,0.056625128887077755,0.11857661058937871,-0.00791354797201967,-0.030899518559122485,-0.09836002239954929,-0.1682108670588828,-0.12013040822591356,0.004418631984154629,-0.005391177320708737,-0.07120036378715616,-0.0210081325353642,0.09791856061544349,-0.00791354797201967,-0.03533244468788897,0.0458840364216276,-0.23253866190252642,-0.030371510571978462,-0.14848802375432305,0.18608820259756018,-0.07440943576312657,-0.1693842891175763,-0.11858054124348175,0.14130935216702029,-0.030899518559122485,0.0458840364216276,-0.056193152791601864,0.015121878156117935,0.020596310991051074,-0.0765229502019736,-0.4464827714512314,-0.2246879826078345,0.14251183523921682,0.08947500546581397,0.0878213751735127,-0.09836002239954929,-0.23253866190252642,0.015121878156117935,0.30955192962854816,-0.11182389502448631,0.015291980379906311,0.11044733380507751,0.13711449264754041,-0.03490042170647974,-0.1253803016108515,0.18680704128932435,-0.1682108670588828,-0.030371510571978462,0.020596310991051078,-0.11182389502448631,0.19551111463193796,0.15269117537256277,-0.0889839599809168,-0.1463170501592092,-0.2106819358842337,-0.2212208520716608,0.09059121233049008,-0.12013040822591359,-0.14848802375432305,-0.0765229502019736,0.015291980379906311,0.15269117537256274,0.16656177050369672,0.014709160075911016,0.01656747981516691,-0.03150424891302257,-0.13445640392060387,0.2077614863088538,0.004418631984154631,0.1860882025975602,-0.4464827714512314,0.11044733380507751,-0.08898395998091681,0.014709160075911018,-0.4072459956914888,-0.13334022998257683,0.0493508396982114,0.06934642905222069,0.21108659202477292,-0.005391177320708739,-0.07440943576312656,-0.2246879826078345,0.13711449264754041,-0.1463170501592092,0.016567479815166913,-0.13334022998257683,-0.1715564145498608,-0.017463717181335252,-0.09665552797278217,0.10599620158801241,-0.07120036378715615,-0.1693842891175763,0.14251183523921682,-0.03490042170647974,-0.2106819358842337,-0.03150424891302257,0.04935083969821139,-0.017463717181335252,-0.06098686123969632,0.19199297766423085,0.06258068762933887,-0.021008132535364196,-0.11858054124348172,0.08947500546581397,-0.1253803016108515,-0.2212208520716608,-0.1344564039206039,0.06934642905222069,-0.09665552797278217,0.19199297766423085,0.032922579503908186
-0.3451464592907018,0.06446905123608586,0.10434404256457377,0.13064905725408402,0.10883384452323415,0.17035788125443316,0.09903667833557792,0.2252878481772652,0.21371246763469295,0.0775196345952748,0.09197893550709532,0.06446905123608586,0.15050033366075577,0.0038639384773962713,-0.04045540136135668,-0.10609220714025758,-0.1813996057723326,-0.14295041331726227,0.017868035031590616,-0.04311794138825228,-0.1100280904661696,-0.04786711130971917,0.10434404256457377,0.0038639384773962717,0.023335432372594285,0.007764026823117928,-0.1937516839578107,-0.061862950985162125,-0.16256559813934968,0.1307578587179545,-0.08403243465564428,-0.18202750875716767,-0.0672325867566039,0.130649057254084,-0.04045540136135668,0.007764026823117931,-0.05928519254019382,0.10625405881286629,0.03711811634640299,-0.08378512453076875,-0.42930769596694757,-0.2174649802588399,0.18407711729590254,0.0368200860433629,0.10883384452323415,-0.10609220714025758,-0.1937516839578107,0.10625405881286629,0.19336299710772892,-0.12042481690583733,-0.05325589079531427,0.05851059692599022,0.14063041036220122,-0.03029957728144379,-0.19812390379773764,0.17035788125443313,-0.18139960577233263,-0.061862950985162125,0.037118116346402996,-0.12042481690583733,0.19378685808997678,0.21906726379952865,-0.08462381279213152,-0.12357518867191013,-0.14341208941257166,-0.2557426024085681,0.09903667833557792,-0.14295041331726227,-0.16256559813934968,-0.08378512453076875,-0.05325589079531427,0.21906726379952865,0.16629907316419232,0.01840431120877752,0.020969043226040273,-0.02651321169125989,-0.14446582866054816,0.2252878481772652,0.017868035031590616,0.13075785871795453,-0.42930769596694757,0.05851059692599022,-0.08462381279213152,0.018404311208777523,-0.4216610224687275,-0.11663401858856863,0.06072438627618885,0.020984785273949275,0.213712467634693,-0.04311794138825228,-0.08403243465564428,-0.21746498025883992,0.14063041036220122,-0.12357518867191013,0.020969043226040276,-0.11663401858856862,-0.14178021386657158,0.003995376490766633,-0.12770863191053686,0.0775196345952748,-0.1100280904661696,-0.18202750875716767,0.18407711729590254,-0.030299577281443786,-0.14341208941257166,-0.02651321169125989,0.060724386276188834,0.003995376490766636,-0.054772254043978064,0.2572181231091271,0.09197893550709535,-0.04786711130971917,-0.0672325867566039,0.0368200860433629,-0.19812390379773764,-0.25574260240856816,-0.1444658286605482,0.020984785273949275,-0.12770863191053689,0.2572181231091271,0.09247261463466448
-0.2819844056395021,0.05558484401757145,0.006578411276903541,0.12307270451782311,0.10750116654228307,0.13870623403552834,0.13011096240731726,0.20777329404650277,0.1748762144126868,0.07256658693673075,0.06397083458766922,0.055584844017571466,0.12865500606622565,-0.006356866155674582,-0.02807442621637326,-0.08931252382617785,-0.18306740960192253,-0.11588705721010846,0.03715228144412654,-0.07162281693584197,-0.0780726187191928,-0.028895311519909872,0.006578411276903544,-0.006356866155674578,0.10101700601902235,0.03900325811279925,-0.09002820773083879,-0.05822991127345849,-0.046633721541587556,0.1700522727355172,-0.027318245813164062,-0.1687890651814646,-0.029019393457690557,0.12307270451782311,-0.028074426216373266,0.03900325811279924,-0.10614562526524467,0.09591855886833192,0.05565456535478529,-0.15752504548791466,-0.39406690713951775,-0.19299937163275788,0.1686173919270701,0.05031642350131786,0.10750116654228307,-0.08931252382617785,-0.0900282077308388,0.09591855886833192,0.1448265755003248,-0.11214759427826362,-0.13462211704460725,0.028988532558208262,0.15225449961968426,-0.052916717899447754,-0.24191309736657898,0.13870623403552834,-0.18306740960192253,-0.05822991127345849,0.0556545653547853,-0.11214759427826362,0.17825726658839086,0.22565737737531047,-0.017962517251843394,-0.0712877204435995,-0.16680630856119674,-0.21772869914084655,0.13011096240731726,-0.11588705721010846,-0.04663372154158755,-0.15752504548791466,-0.13462211704460728,0.22565737737531047,0.16214502858572766,-0.04942293984207942,-0.02403830686934615,-0.07092958101542392,-0.19435571947925787,0.20777329404650277,0.03715228144412654,0.1700522727355172,-0.3940669071395178,0.028988532558208262,-0.017962517251843394,-0.04942293984207942,-0.557245652650599,-0.1162653758967402,0.10191581517951094,0.06019264910543463,0.1748762144126868,-0.07162281693584197,-0.027318245813164055,-0.19299937163275788,0.15225449961968426,-0.07128772044359952,-0.02403830686934615,-0.1162653758967402,-0.1936417109088025,0.05481176077854645,-0.06666053606749092,0.07256658693673075,-0.0780726187191928,-0.1687890651814646,0.1686173919270701,-0.05291671789944776,-0.16680630856119674,-0.0709295810154239,0.10191581517951094,0.05481176077854646,-0.09967155022200705,0.2444245966107407,0.06397083458766922,-0.028895311519909872,-0.029019393457690557,0.050316423501317875,-0.24191309736657898,-0.21772869914084655,-0.19435571947925787,0.06019264910543463,-0.06666053606749092,0.2444245966107407,-0.0025702899537539793
-0.33157280612480705,0.0797508797763771,0.04222565800084154,0.1146091116256939,0.08583316700891494,0.16599648657854565,0.1119226104299637,0.22253416873161952,0.21829606954357944,0.08916001858460791,0.10902936389292059,0.07975087977637711,0.07890229324869107,0.06871687643729557,-0.047727021907518846,-0.11560610452872747,-0.18459633748943013,-0.11619885636134893,0.0038155414072363726,-0.02622103736484942,-0.09828586099962576,-0.026335387108954722,0.04222565800084155,0.06871687643729557,0.07599048970276145,0.014071672292346776,-0.2067706972057731,-0.06871123977577162,-0.1289950170567416,0.1376003099278411,-0.031147168751408945,-0.19056858880297906,-0.09377908999718092,0.1146091116256939,-0.047727021907518846,0.014071672292346776,-0.08306667309698361,0.10796691227479824,0.057839367424771214,-0.08929575685537276,-0.36195385296600513,-0.202455377196898,0.1675314923309737,0.04496659523079656,0.08583316700891494,-0.11560610452872747,-0.20677069720577315,0.10796691227479824,0.28706421204371996,-0.11493137132605838,-0.08987875318992108,0.08351961993827542,0.15103853885070562,-0.01456563978082644,-0.154520956499463,0.16599648657854565,-0.18459633748943013,-0.06871123977577161,0.05783936742477121,-0.11493137132605838,0.1726130381542044,0.2270957306340323,-0.044431492034438275,-0.12909023082122048,-0.15791513678003227,-0.2603338577601759,0.1119226104299637,-0.1161988563613489,-0.1289950170567416,-0.08929575685537278,-0.08987875318992108,0.2270957306340323,0.10832992026309482,-0.010763260076407082,0.0036672536315519423,-0.051271719552976866,-0.17930672854070678,0.22253416873161952,0.0038155414072363696,0.1376003099278411,-0.36195385296600513,0.08351961993827542,-0.04443149203443827,-0.010763260076407079,-0.5339706647119723,-0.08594061829409053,0.08738192842004115,0.0053617564303855645,0.21829606954357944,-0.02622103736484942,-0.03114716875140895,-0.202455377196898,0.15103853885070562,-0.1290902308212205,0.0036672536315519423,-0.08594061829409053,-0.3657906109422851,-0.029426893821066846,-0.11070781566486987,0.0891600185846079,-0.09828586099962576,-0.19056858880297906,0.1675314923309737,-0.01456563978082644,-0.15791513678003227,-0.051271719552976866,0.08738192842004115,-0.029426893821066842,-0.07478475244429865,0.25002256764667463,0.10902936389292057,-0.026335387108954722,-0.09377908999718092,0.044966595230796554,-0.15452095649946296,-0.2603338577601759,-0.17930672854070678,0.00536175643038557,-0.11070781566486987,0.25002256764667463,-0.02517800130961715
-0.2022566169247611,-0.04114927139410719,0.00215554566996404,0.09140634080880031,0.08604046529610072,0.14678043930173987,0.1036904447026223,0.17754966488268528,0.17481610325456678,0.07756395189599923,0.07179986591364379,-0.04114927139410719,0.16536074665086611,0.09561147393124646,-0.025256379130213124,-0.07102980961117293,-0.1625085909867156,-0.09668312689638943,0.049458517666538984,-0.06253227223827186,-0.026552025579995465,0.010666772666344285,0.00215554566996404,0.09561147393124646,0.12224441887962371,0.016729213336903227,-0.1546821276358435,-0.07294032370148582,-0.11342052676378793,0.14794340177284832,-0.012374683925532193,-0.21499446910088588,-0.09321536146913094,0.09140634080880031,-0.025256379130213124,0.016729213336903227,-0.10359037836708503,0.14763848497337942,0.06616864579398238,-0.1041105773840715,-0.39056998263132536,-0.16754089718339968,0.1902255542236637,0.07862922071212941,0.08604046529610072,-0.07102980961117293,-0.1546821276358435,0.14763848497337942,0.2140634004143532,-0.12340892139721886,-0.09264236169953742,0.06609275211992614,0.16389541306145208,-0.0649453380464906,-0.29170158628208803,0.1467804393017399,-0.1625085909867156,-0.07294032370148582,0.06616864579398239,-0.12340892139721885,0.19255847527608758,0.2546558669280247,-0.046794660721945616,-0.113999036751348,-0.1740723658756426,-0.26534854060941837,0.1036904447026223,-0.09668312689638944,-0.11342052676378793,-0.1041105773840715,-0.09264236169953743,0.2546558669280247,0.15015146306305366,-0.004776396152144033,-0.012392107559849593,-0.09668037734489374,-0.20167534990394645,0.1775496648826853,0.04945851766653899,0.14794340177284832,-0.39056998263132536,0.06609275211992616,-0.046794660721945616,-0.0047763961521440305,-0.48035426827491384,-0.08523607238408518,0.08412950963717322,0.071174270976248,0.17481610325456678,-0.06253227223827185,-0.012374683925532193,-0.16754089718339965,0.1638954130614521,-0.113999036751348,-0.012392107559849598,-0.08523607238408518,-0.19004108838818595,0.008710887917738008,-0.09352814402890912,0.07756395189599923,-0.026552025579995465,-0.21499446910088582,0.19022555422366372,-0.0649453380464906,-0.1740723658756426,-0.09668037734489374,0.08412950963717322,0.008710887917738006,-0.11161260731166307,0.23574332352484761,0.07179986591364379,0.010666772666344287,-0.09321536146913095,0.07862922071212941,-0.291701586282088,-0.26534854060941837,-0.20167534990394645,0.071174270976248,-0.09352814402890912,0.23574332352484767,0.05556327137258356
-0.31473436402583455,0.02046213935699161,0.058602974486123414,0.13402160981351727,0.12256624245748679,0.17039412848472615,0.125394381756689,0.22528569446156538,0.21208677915532864,0.09645883309938803,0.07504409548587844,0.02046213935699161,0.12210955384822215,0.019449735230071045,-0.028281861189957475,-0.06434071657450305,-0.16850391078388488,-0.062421718819553516,0.03739406124964902,0.045391671958822474,-0.07975101365358903,-0.06014818541413619,0.05860297448612341,0.019449735230071045,0.03217064494983367,0.019981757339758332,-0.14144118876823847,-0.03306504858032298,-0.1559318255093743,0.1618648585289746,-0.10722021279026481,-0.16610862986260683,-0.06598844459413322,0.13402160981351727,-0.02828186118995747,0.019981757339758335,-0.09533452963666597,0.08633626742478462,0.02291066606924135,-0.10607514444348269,-0.42090761063301024,-0.22207210347155143,0.17642100418378634,0.09053640173966919,0.12256624245748685,-0.06434071657450305,-0.14144118876823847,0.08633626742478462,0.25131100060309824,-0.15369592939057583,-0.1179099396537177,0.013638071258529675,0.0812310292392368,-0.07220062703382579,-0.20270295889662115,0.17039412848472615,-0.1685039107838849,-0.03306504858032298,0.022910666069241352,-0.1536959293905758,0.19536219378070904,0.17836252598505403,-0.06808900023817296,-0.15787471057806393,-0.16816653503039083,-0.21373927776270704,0.125394381756689,-0.06242171881955353,-0.1559318255093743,-0.10607514444348269,-0.11790993965371768,0.17836252598505403,0.07007611959999302,-0.04849449865647866,-0.015438789763360402,-0.06697151494733282,-0.0831530668923665,0.2252856944615654,0.03739406124964904,0.1618648585289746,-0.4209076106330102,0.013638071258529677,-0.06808900023817298,-0.04849449865647866,-0.4827984080751282,-0.14799766493996117,0.08081103706722706,0.0597068993274912,0.21208677915532864,0.045391671958822474,-0.10722021279026481,-0.22207210347155143,0.0812310292392368,-0.15787471057806393,-0.015438789763360402,-0.14799766493996117,-0.2076736791896307,0.008865480870386406,-0.10121936546512218,0.09645883309938803,-0.07975101365358903,-0.16610862986260683,0.1764210041837863,-0.07220062703382579,-0.16816653503039083,-0.06697151494733283,0.08081103706722706,0.008865480870386406,-0.09695523614932175,0.18025936907163384,0.07504409548587843,-0.060148185414136204,-0.06598844459413322,0.09053640173966919,-0.20270295889662115,-0.21373927776270704,-0.0831530668923665,0.0597068993274912,-0.10121936546512218,0.18025936907163387,0.04389787753061775
-0.24794648147828818,0.0025850260787317397,0.013175223354693011,0.09378195677162073,0.11865550440028731,0.1665191133535003,0.0839360139295889,0.19719519441759328,0.21407633919329755,0.06873433593890038,0.05802388401161718,0.0025850260787317393,0.14422515492011728,0.06976737566312756,-0.040354370404040905,-0.04995685737473066,-0.15507705945354466,-0.10522423205916724,0.013086240768177012,-0.03522854241132892,-0.052260612278517374,-0.03386174114612622,0.013175223354693014,0.06976737566312755,0.060505143822944044,0.03213650284391267,-0.16658575001102002,-0.042165788438725295,-0.16508391086999236,0.16172096274917575,0.015259863602937023,-0.18938337324576598,-0.0724716332158511,0.09378195677162073,-0.040354370404040905,0.03213650284391268,-0.07228279791644057,0.10788675876942748,0.04272183403575673,-0.045795704463799776,-0.3986735092130399,-0.2116631663220166,0.19206488868602756,0.10909581178876271,0.11865550440028731,-0.04995685737473065,-0.16658575001102002,0.10788675876942748,0.09872424264595694,-0.14559126654422463,-0.03099899681254286,0.04421400927218151,0.050456413278531176,-0.0866439078312856,-0.1722470974750052,0.1665191133535003,-0.15507705945354466,-0.042165788438725295,0.04272183403575673,-0.14559126654422463,0.16087859844135094,0.1572049536751357,-0.05869384292242048,-0.16683603976798847,-0.1547258216213499,-0.2135135949969964,0.0839360139295889,-0.10522423205916724,-0.16508391086999236,-0.045795704463799776,-0.030998996812542857,0.15720495367513568,0.15838662289918556,0.014328391347924926,-0.012498162599672086,-0.020246399191311427,-0.12038927303895004,0.19719519441759328,0.013086240768177016,0.16172096274917575,-0.3986735092130399,0.04421400927218152,-0.05869384292242048,0.014328391347924924,-0.4784404889188318,-0.08625184862360864,0.09842082164932434,0.06346278197044397,0.21407633919329755,-0.03522854241132892,0.015259863602937023,-0.2116631663220166,0.05045641327853119,-0.1668360397679885,-0.012498162599672088,-0.08625184862360864,-0.24426476329733865,-0.002466138601305905,-0.11301093500062676,0.06873433593890038,-0.052260612278517374,-0.18938337324576598,0.19206488868602753,-0.08664390783128562,-0.15472582162134985,-0.02024639919131142,0.09842082164932434,-0.002466138601305906,-0.11042610973882802,0.2153089803397108,0.05802388401161718,-0.03386174114612622,-0.0724716332158511,0.10909581178876271,-0.17224709747500516,-0.2135135949969964,-0.12038927303895004,0.06346278197044397,-0.11301093500062673,0.21530898033971085,-0.027373714945022148
-0.33005183841198493,0.030553763801375526,0.06689163539934381,0.13055129747963287,0.11793519880235745,0.18077745651657323,0.11794704673884664,0.23678087456217636,0.19532534708679913,0.09851436006513657,0.10510647468112219,0.030553763801375526,0.14968545654727725,0.023689825943882102,-0.030915727562699752,-0.09551611924214473,-0.1876478633485938,-0.08948228567282246,0.020500871078948116,-0.03632042513265747,-0.08114711220215579,-0.013509010831699636,0.06689163539934381,0.023689825943882102,0.08939772201618809,-9.64930500649358e-05,-0.17026705380210813,-0.039576354047042885,-0.1839251008389007,0.1436142419914518,-0.062406693818527106,-0.18428960366956437,-0.1161596985688523,0.13055129747963284,-0.03091572756269976,-9.64930500649372e-05,-0.04314928347828504,0.1750771922624963,0.013272890816975014,-0.10484832442769032,-0.4393190591008477,-0.2061111454602346,0.1480530789018777,0.06611518038967953,0.11793519880235748,-0.09551611924214473,-0.17026705380210813,0.17507719226249635,0.2082488096018599,-0.1512384843522963,-0.042014162866243765,0.04065383427784815,0.1337847870332624,-0.09001755034931339,-0.2835283783565258,0.18077745651657323,-0.18764786334859382,-0.039576354047042885,0.013272890816975011,-0.1512384843522963,0.2437521875253041,0.19886705965269957,-0.1001403382002092,-0.13150171733588276,-0.18343290208768426,-0.22761263684132885,0.11794704673884664,-0.08948228567282243,-0.18392510083890073,-0.10484832442769035,-0.04201416286624376,0.1988670596526996,0.24755595139470218,-0.04537395533870261,-0.0013411106736904432,-0.07009099660594674,-0.18966730997884795,0.2367808745621764,0.020500871078948112,0.1436142419914518,-0.4393190591008477,0.04065383427784814,-0.1001403382002092,-0.04537395533870261,-0.42679716993826344,-0.05222678576953963,0.05652066161695585,-0.0012605578451767199,0.19532534708679916,-0.03632042513265747,-0.062406693818527106,-0.2061111454602346,0.13378478703326238,-0.13150171733588278,-0.0013411106736904445,-0.05222678576953962,-0.19621432507423348,-0.006655313412674432,-0.11205937808028539,0.09851436006513657,-0.08114711220215579,-0.18428960366956437,0.1480530789018777,-0.09001755034931339,-0.18343290208768426,-0.07009099660594674,0.05652066161695585,-0.006655313412674432,-0.03195623483126704,0.25253615425516707,0.10510647468112222,-0.013509010831699631,-0.1161596985688523,0.06611518038967953,-0.2835283783565258,-0.22761263684132885,-0.18966730997884795,-0.0012605578451767186,-0.11205937808028539,0.25253615425516707,0.04156877106770307
-0.28321707899605525,0.023007969500519365,0.021770067002746765,0.12218310388204619,0.08244977289902969,0.16637147788849638,0.1342902187567007,0.1999578982346573,0.2150109366422086,0.0814637054161268,0.084740671466591,0.023007969500519365,0.12184043537380593,0.04497220684246346,-0.013709054583227057,-0.11251923051365617,-0.1684848799540007,-0.03663546991499208,0.031872170908272046,-0.061867162835396436,-0.08286127914161315,-0.0104037166110029,0.021770067002746772,0.04497220684246346,0.15994833325356198,0.012389021614191795,-0.17355546217197754,-0.07406290478922638,-0.14205060831784572,0.1623853991413445,-0.01925139698995145,-0.2009746129302134,-0.10094634134897018,0.12218310388204619,-0.013709054583227053,0.012389021614191798,-0.09150885116517922,0.11356300728344926,0.033556818070854956,-0.13063814719520045,-0.4246438006990091,-0.24785659997386889,0.1893835724394553,0.10336246705706079,0.08244977289902969,-0.11251923051365617,-0.1735554621719775,0.11356300728344926,0.3219596658564697,-0.103293978879474,-0.09228040800584,0.08246447476917285,0.12809703021340052,-0.04071013194185029,-0.2037442442499441,0.16637147788849635,-0.16848487995400072,-0.07406290478922638,0.033556818070854956,-0.103293978879474,0.1936661754253469,0.21462232521914415,-0.06465095305588701,-0.13080472868212994,-0.16719848703401455,-0.243175060286868,0.1342902187567007,-0.03663546991499207,-0.14205060831784572,-0.13063814719520045,-0.09228040800584,0.2146223252191441,0.07486933186234353,-0.06781969208173218,-0.05685961915877767,-0.07516179176451088,-0.21969146903615683,0.19995789823465726,0.031872170908272046,0.1623853991413445,-0.4246438006990091,0.08246447476917283,-0.06465095305588701,-0.06781969208173218,-0.45781415790640645,-0.06914036855751911,0.09558966705219299,0.030892785136016,0.21501093664220855,-0.061867162835396415,-0.019251396989951448,-0.24785659997386889,0.12809703021340052,-0.13080472868212994,-0.056859619158777686,-0.06914036855751911,-0.20726942860569492,0.00957391580812686,-0.07728664798023918,0.0814637054161268,-0.08286127914161315,-0.2009746129302134,0.1893835724394553,-0.040710131941850296,-0.16719848703401455,-0.07516179176451088,0.09558966705219299,0.009573915808126858,-0.07584453199450134,0.23570161778946339,0.084740671466591,-0.010403716611002898,-0.10094634134897018,0.1033624670570608,-0.2037442442499441,-0.24317506028686794,-0.21969146903615683,0.030892785136016,-0.07728664798023918,0.23570161778946339,-0.03168509985858502
-0.23722986515625993,-0.035758295094917444,-0.037145401728918635,0.11465743572630749,0.11196003132419927,0.17013070590177493,0.15547857975733653,0.19287300959081483,0.19448599360029534,0.10263503699128229,0.08366817728376862,-0.035758295094917444,0.08660023503327996,0.1084432582754528,-0.0023973228002546233,-0.07772648322074441,-0.14244625815638434,-0.022385303577518428,0.05309032261392162,-0.020930888426822548,-0.0063122432705605665,-0.0033954672196519348,-0.037145401728918635,0.10844325827545283,0.13808362144875605,0.04051328544641182,-0.15638240883017188,-0.03359698863894299,-0.12215857500107337,0.14737553569296907,-0.028000137256115547,-0.18152044525848549,-0.09108052730843072,0.11465743572630749,-0.0023973228002546246,0.04051328544641182,-0.08192906373738042,0.09281069434129408,0.026198044666521335,-0.1302973101137609,-0.41851503247348987,-0.17892992365833543,0.14833714884464783,0.06679199024058302,0.11196003132419927,-0.07772648322074441,-0.15638240883017188,0.09281069434129408,0.23380422689341218,-0.12716273418145368,-0.20296796302695624,0.08926071313927922,0.11969076386781671,-0.058785233220899166,-0.23363241602738533,0.17013070590177493,-0.14244625815638434,-0.033596988638943,0.026198044666521335,-0.12716273418145368,0.16738117399338193,0.21017228458319598,-0.06839720261101898,-0.14796834793699035,-0.2036681248165082,-0.25457627605091315,0.1554785797573365,-0.022385303577518428,-0.12215857500107334,-0.13029731011376092,-0.20296796302695624,0.21017228458319598,0.012884107686859136,-0.037307369082570485,-0.05647997766261735,-0.1256572382715014,-0.22589033628659544,0.19287300959081483,0.05309032261392162,0.14737553569296907,-0.41851503247348987,0.08926071313927919,-0.06839720261101898,-0.037307369082570485,-0.45959594914971047,-0.06465902853434581,0.0536468881311775,0.0690485642533718,0.19448599360029534,-0.020930888426822548,-0.028000137256115543,-0.17892992365833543,0.11969076386781674,-0.14796834793699035,-0.05647997766261735,-0.06465902853434581,-0.21301839040422496,-0.03396883922972072,-0.0912473731502713,0.10263503699128229,-0.0063122432705605665,-0.18152044525848549,0.14833714884464783,-0.058785233220899166,-0.2036681248165082,-0.12565723827150138,0.0536468881311775,-0.03396883922972073,-0.11152518031111883,0.20200187152522853,0.08366817728376863,-0.003395467219651936,-0.09108052730843072,0.06679199024058301,-0.23363241602738527,-0.2545762760509131,-0.22589033628659544,0.0690485642533718,-0.09124737315027129,0.20200187152522853,0.06493076169399052
-0.20612894178273847,-0.02005870618885308,-0.032526632735348046,0.10055950726075476,0.07367338180830804,0.14795319378532706,0.07379277772570536,0.1953253634845708,0.17363044380840242,0.08194501379439044,0.07066573588816571,-0.02005870618885308,0.14231688812225035,0.07788995803273982,-0.010428020236648341,-0.09700088198595744,-0.1936729298249159,-0.0718692004336848,0.05091169797356641,-0.020956170260485466,-0.035816484165394506,0.007180416239937345,-0.032526632735348046,0.07788995803273982,0.09857403580595366,0.06432014842993652,-0.14184518621279135,0.007396928923054852,-0.1672231634888964,0.13106815147077924,-0.016865412421598794,-0.14736588467243067,-0.07008733268452992,0.10055950726075476,-0.01042802023664834,0.06432014842993652,-0.06062366394568648,0.07507664117849672,0.03088311435410198,-0.07141848278332785,-0.4150993089777627,-0.19885302645856975,0.1465463063726066,0.058893187225379784,0.07367338180830803,-0.09700088198595744,-0.14184518621279132,0.07507664117849672,0.3096070157878004,-0.09682976607813401,-0.08311305488896185,0.08710405659254136,0.1373789485812672,-0.046614601559580804,-0.2118005159122871,0.14795319378532706,-0.1936729298249159,0.00739692892305485,0.03088311435410198,-0.09682976607813401,0.2452799117680197,0.15998410582264927,-0.045335455562867166,-0.12483029814676053,-0.19153634204299755,-0.25057017059295317,0.07379277772570536,-0.07186920043368482,-0.1672231634888964,-0.07141848278332785,-0.08311305488896185,0.15998410582264927,0.20150994158856417,0.029465394574658892,0.06402468885665427,-0.05164530418207234,-0.16430002350446377,0.1953253634845708,0.05091169797356641,0.13106815147077924,-0.4150993089777627,0.08710405659254136,-0.045335455562867166,0.029465394574658892,-0.4703977658862625,-0.07477261738186977,0.0431710531274252,0.031050728156450026,0.17363044380840245,-0.020956170260485466,-0.016865412421598797,-0.19885302645856975,0.13737894858126723,-0.12483029814676054,0.06402468885665427,-0.07477261738186977,-0.3193006576946801,0.005093995337416353,-0.07937733832503455,0.08194501379439044,-0.03581648416539451,-0.14736588467243067,0.1465463063726066,-0.04661460155958081,-0.19153634204299755,-0.05164530418207234,0.0431710531274252,0.005093995337416354,-0.08853215152623566,0.19744228902751831,0.0706657358881657,0.007180416239937348,-0.07008733268452993,0.0588931872253798,-0.2118005159122871,-0.25057017059295317,-0.16430002350446377,0.031050728156450012,-0.07937733832503455,0.19744228902751831,0.06055727649732497
-0.27086328154929545,-0.03211442463758461,0.024794254572469983,0.11850787722841505,0.09775680821221382,0.16629661270275217,0.11004042234963589,0.23906158595665997,0.20772458452039624,0.1028108513572736,0.10632208938323862,-0.03211442463758461,0.16428077999616486,-0.006187065036353035,-0.01763551612207494,-0.07102225163812186,-0.14805394925943566,-0.06775482487986557,0.07574127705463422,-0.023938972180832338,-0.030117809715077992,0.014393428736152177,0.024794254572469983,-0.0061870650363530354,0.13152393013620242,0.05017011218549382,-0.17853526945884252,-0.029470467042918325,-0.14460740923869658,0.16109946432352737,-0.03622657192190855,-0.17125936718370566,-0.06834268446492035,0.11850787722841508,-0.01763551612207494,0.05017011218549382,-0.07101301598122443,0.10678781247434499,0.03125677983038795,-0.10537676474603859,-0.419755241654432,-0.19646362465662426,0.12836440785538808,0.06714977703506327,0.09775680821221383,-0.07102225163812186,-0.17853526945884252,0.10678781247434499,0.24662530608639804,-0.1173007079881696,-0.012616962223347428,0.011105333521965502,0.12083797600692056,-0.05750002043143053,-0.22219529484453018,0.16629661270275214,-0.14805394925943566,-0.029470467042918325,0.03125677983038795,-0.11730070798816963,0.22558567242912525,0.21847544439066002,-0.11382243833816368,-0.13755251564419535,-0.21010730556706658,-0.26990201918437107,0.11004042234963587,-0.06775482487986559,-0.14460740923869658,-0.10537676474603859,-0.012616962223347428,0.21847544439066002,0.1652618724258247,-0.05290043820701532,-0.004170397015208738,-0.10245084040880667,-0.2046949350772306,0.23906158595666,0.07574127705463421,0.16109946432352737,-0.419755241654432,0.011105333521965497,-0.11382243833816368,-0.05290043820701533,-0.47601844212763034,-0.11486417352093817,0.03954784078724194,-0.034676224016908015,0.20772458452039624,-0.023938972180832338,-0.03622657192190855,-0.19646362465662426,0.12083797600692056,-0.13755251564419535,-0.004170397015208737,-0.11486417352093817,-0.1807002535737018,-0.026357809783620484,-0.13346884511989718,0.1028108513572736,-0.030117809715078003,-0.17125936718370566,0.12836440785538805,-0.05750002043143053,-0.21010730556706658,-0.10245084040880666,0.03954784078724193,-0.026357809783620484,-0.059340163728157334,0.21121875700500564,0.10632208938323859,0.014393428736152177,-0.06834268446492035,0.06714977703506325,-0.22219529484453018,-0.2699020191843711,-0.2046949350772306,-0.03467622401690801,-0.13346884511989715,0.21121875700500561,0.036857136764624474
-0.2287277931883453,-0.018480663124171286,0.01770064433824513,0.08627860274843982,0.0832251082202137,0.1475505688104108,0.12126392465343874,0.18803092391449763,0.17440317901844357,0.07636874241835276,0.09835745545152172,-0.018480663124171286,0.13716477043386016,0.00502723507917866,-0.015776853064864267,-0.0715722357119982,-0.13619419148881037,-0.001672243495794598,0.054027441645254734,-0.06748064996066168,-0.048004335205313074,0.03411168143748041,0.01770064433824513,0.00502723507917866,0.10976044883299049,0.03930714547871843,-0.10021753595374436,-0.04577367568202384,-0.13106438169437165,0.1367721714266848,-0.020022522740477305,-0.15928187465654728,-0.049495567838161274,0.08627860274843982,-0.015776853064864267,0.03930714547871842,-0.056198333173886825,0.09960793838631316,0.059544543002553144,-0.14122543811089194,-0.4063214981395865,-0.1452938010725267,0.19596811740258535,0.030957493130439485,0.0832251082202137,-0.0715722357119982,-0.10021753595374439,0.09960793838631317,0.20276656650331618,-0.13699932331475773,-0.09184985025478504,0.07862659862532861,0.13761706823593048,-0.07243560644203183,-0.23731094967244754,0.1475505688104108,-0.13619419148881037,-0.04577367568202384,0.059544543002553144,-0.13699932331475773,0.14891947361734198,0.20935728632571043,-0.049417950439607186,-0.11056025200994797,-0.1563424872931606,-0.298055698173314,0.12126392465343874,-0.0016722434957945954,-0.13106438169437165,-0.14122543811089194,-0.09184985025478506,0.2093572863257104,0.0649131867504795,-0.06272783649020038,-0.023563376300975013,-0.11494717646278549,-0.21257374908696275,0.18803092391449763,0.054027441645254734,0.1367721714266848,-0.4063214981395865,0.07862659862532861,-0.04941795043960718,-0.06272783649020038,-0.45923597786364656,-0.0828869556816586,0.09423351776858312,0.029641144271401947,0.17440317901844357,-0.06748064996066168,-0.020022522740477302,-0.14529380107252673,0.1376170682359305,-0.11056025200994797,-0.023563376300975016,-0.0828869556816586,-0.1432819905142552,0.006290755800743652,-0.11701768692235788,0.07636874241835276,-0.04800433520531307,-0.15928187465654728,0.19596811740258532,-0.07243560644203183,-0.1563424872931606,-0.11494717646278549,0.09423351776858312,0.006290755800743652,-0.13250138701937608,0.20826857861497686,0.09835745545152172,0.03411168143748041,-0.04949556783816128,0.030957493130439485,-0.23731094967244748,-0.298055698173314,-0.21257374908696275,0.029641144271401947,-0.1170176869223579,0.2082685786149768,-0.012269338640775482
-0.281296559313785,-0.03309255974312118,0.012769255339160363,0.12059652035373455,0.13436776277561974,0.18452852931520378,0.13763810886938393,0.22361583849135727,0.23843143956697146,0.09768179941324985,0.10590474285561284,-0.03309255974312118,0.17138844278053558,0.057441710184413554,-0.01011869795664971,-0.05817955358643732,-0.1408750974386519,-0.042234576640257,0.039270827937963534,-0.03249416682619088,-0.0863191311045691,-0.013704812748230539,0.012769255339160363,0.057441710184413554,0.09067220997111058,0.006708728810000754,-0.17028043187130917,-0.05654385225060965,-0.17527496337814036,0.1728836984621583,0.03847004146881887,-0.16248167443546974,-0.09376622385761126,0.12059652035373455,-0.01011869795664971,0.006708728810000758,-0.07135076499744146,0.08750089626263177,0.02147735032450796,-0.11036962445347791,-0.41175636096188883,-0.2489852871887707,0.17756903859671652,0.10103229268381042,0.13436776277561976,-0.0581795535864373,-0.1702804318713092,0.08750089626263177,0.21625726750259683,-0.14400727151642054,-0.07306836034047992,0.014729344210587723,0.06241985367758822,-0.08119389731848052,-0.235718321673537,0.18452852931520378,-0.1408750974386519,-0.05654385225060965,0.021477350324507958,-0.14400727151642054,0.15266799617223115,0.15078787210981823,-0.06575467914673368,-0.1786903758018391,-0.16119953212045401,-0.24644344002614843,0.1376381088693839,-0.042234576640257,-0.17527496337814036,-0.1103696244534779,-0.07306836034047992,0.15078787210981823,0.11109841253715887,-0.03869919944663543,-0.06904172038527553,-0.06968584395906366,-0.17626664513059215,0.22361583849135727,0.039270827937963534,0.1728836984621583,-0.41175636096188883,0.014729344210587723,-0.06575467914673368,-0.03869919944663542,-0.5676171101150043,-0.034990139120172,0.10418045590919636,0.015163686725817365,0.2384314395669715,-0.03249416682619087,0.03847004146881887,-0.2489852871887707,0.06241985367758822,-0.1786903758018391,-0.06904172038527552,-0.03499013912017201,-0.31057457856677556,-0.04443642438791836,-0.13402007268403646,0.09768179941324986,-0.0863191311045691,-0.16248167443546974,0.17756903859671652,-0.08119389731848052,-0.161199532120454,-0.06968584395906366,0.10418045590919633,-0.04443642438791836,-0.09824326957605986,0.19430817889061705,0.10590474285561284,-0.013704812748230539,-0.09376622385761124,0.10103229268381045,-0.235718321673537,-0.24644344002614843,-0.17626664513059218,0.015163686725817369,-0.13402007268403646,0.19430817889061705,0.002284167158027266
-0.31059861678109424,0.04500104841536916,0.07076424502778839,0.10773022961336673,0.09121035658318381,0.18038657849787584,0.10298383060096403,0.20752051627872828,0.20283580599824652,0.088080275952784,0.08105187667711389,0.04500104841536916,0.10836658582954736,0.10560171327270602,-0.05944407005041358,-0.12808133161891425,-0.15964517472938788,-0.12508739958626583,0.020536384674146146,-0.0010545773995971994,-0.10904743272934055,-0.0349378929252296,0.07076424502778837,0.10560171327270602,-0.008111471985792729,0.015810765339550368,-0.16647580252974498,-0.08194019946646133,-0.18091241458289722,0.10669459100912601,-0.09566774611631693,-0.1794647134827727,-0.09381701355200547,0.10773022961336673,-0.05944407005041359,0.015810765339550368,-0.034790445999801564,0.1612146584826732,0.027149399608217877,-0.0623156372258528,-0.41594962555302983,-0.19965568455916669,0.18277312032063026,0.08599280107772136,0.09121035658318383,-0.12808133161891425,-0.166475802529745,0.1612146584826732,0.21828612573914746,-0.12677996183637924,-0.01354749170438061,0.06523087808282182,0.11181184743977593,-0.039711030044995245,-0.19080304111201812,0.18038657849787582,-0.15964517472938788,-0.08194019946646133,0.027149399608217883,-0.12677996183637924,0.21880611950276974,0.20169979443105285,-0.09189597335422324,-0.16356557410591754,-0.17753077615734358,-0.24030301884026745,0.10298383060096403,-0.12508739958626583,-0.18091241458289722,-0.0623156372258528,-0.013547491704380599,0.20169979443105285,0.13078581270611048,0.0025620615742529607,0.00784059368908655,-0.04574241516344628,-0.12589437985718005,0.20752051627872828,0.020536384674146146,0.10669459100912601,-0.41594962555302983,0.06523087808282184,-0.09189597335422324,0.0025620615742529607,-0.4057074326579497,-0.039231395920720016,0.07288567804525903,0.036693102117031695,0.20283580599824652,-0.001054577399597198,-0.09566774611631693,-0.19965568455916669,0.11181184743977593,-0.16356557410591754,0.007840593689086548,-0.039231395920720016,-0.20942068274641046,-0.026760670576414857,-0.12758573990186317,0.088080275952784,-0.10904743272934055,-0.1794647134827727,0.18277312032063026,-0.03971103004499523,-0.17753077615734358,-0.04574241516344628,0.07288567804525903,-0.026760670576414857,-0.03583463530234021,0.25010692898478093,0.0810518766771139,-0.0349378929252296,-0.09381701355200547,0.08599280107772134,-0.1908030411120181,-0.24030301884026742,-0.12589437985718005,0.036693102117031695,-0.12758573990186317,0.25010692898478093,-0.0016330998221190413
