-0.7408189618339142,-0.8527082549230206,0.6797505862390002,0.5496296542696655,0.3630858307393889,0.6236255837318887,-0.06397899573979278,0.05097629316151142,0.2881002430804074,-0.8527082549230206,-0.6382907727998391,0.5663491171031249,0.8967618847754153,0.4034999828032208,0.604044999963084,-0.1054521441902665,0.08567590598088277,0.3503384627401829,0.6797505862390002,0.5663491171031249,-0.4786427766084671,-0.36976129790612805,-0.04618109343573451,-0.01687402912787206,-0.02920117850104968,-0.061787911069889866,-0.9255330017767847,0.5496296542696655,0.8967618847754153,-0.36976129790612805,-0.6282486116203169,-0.3510942595700423,0.1458904661883999,-0.2579364157281816,-0.10412944942557563,-0.8342313102912158,0.3630858307393889,0.4034999828032208,-0.04618109343573451,-0.3510942595700423,-0.20365295186638832,-0.1223099160914531,-0.23549081400657693,-0.20977138029411435,-0.36900172801688313,0.6236255837318887,0.604044999963084,-0.01687402912787206,0.1458904661883999,-0.1223099160914531,0.13275964328896786,4.604976718269871e-05,0.143712678088505,-0.10729322349652648,-0.06397899573979278,-0.1054521441902665,-0.02920117850104968,-0.2579364157281816,-0.23549081400657693,4.604976718269871e-05,-0.25466713309288025,-0.47400453841934603,0.218831974780187,0.05097629316151142,0.08567590598088277,-0.061787911069889866,-0.10412944942557563,-0.20977138029411435,0.143712678088505,-0.47400453841934603,-0.04709108732640743,0.20981989288702607
-1.1167731111248334,-1.3413595263070117,0.32947460003197193,0.35910350270569324,0.26658832902709645,0.34561903596951354,-0.3079359200783074,-0.26299123528103036,0.15409287880174816,-1.3413595263070117,-1.3439657652440171,0.10607400125203033,0.374652345587189,0.09287513963257273,0.202535099977963,-0.540134204008306,-0.3712754377629608,0.15378519892692566,0.32947460003197193,0.10607400125203033,-0.8982272775222858,-0.7587279529155543,-0.26661785366013646,-0.4800573862086108,-0.34154965293904144,-0.45925316067102057,-1.1752853151410818,0.35910350270569324,0.374652345587189,-0.7587279529155543,-0.9531984496861696,-0.5563963426587483,-0.12382217643376403,-0.43091809800049913,-0.28930639661848545,-1.1247091311961412,0.26658832902709645,0.09287513963257273,-0.26661785366013646,-0.5563963426587483,-0.3443090074385206,-0.3383096536394577,-0.34048554456482333,-0.3480553099264701,-0.6230455178301781,0.34561903596951354,0.202535099977963,-0.4800573862086108,-0.12382217643376403,-0.3383096536394577,-0.2871660147650285,-0.3932254818041246,-0.21154766800717725,-0.33171353104989976,-0.3079359200783074,-0.540134204008306,-0.34154965293904144,-0.43091809800049913,-0.34048554456482333,-0.3932254818041246,-0.3960553918344279,-0.5529713605064899,0.005963422125205398,-0.26299123528103036,-0.3712754377629608,-0.45925316067102057,-0.28930639661848545,-0.3480553099264701,-0.21154766800717725,-0.5529713605064899,-0.2813460910692811,0.024262648075819016
-0.7296219763035575,-0.7859287761772672,0.6848365517022709,0.5317456598083178,0.3737749596281598,0.5680137159458051,0.022914473122606676,0.07944975917538007,0.24834717367775738,-0.7859287761772672,-0.5814895828564962,0.5433809037009875,0.7860497383711239,0.37684660746405524,0.6377204192491869,-0.10303232663621505,0.17437863807814816,0.26222835876978934,0.6848365517022709,0.5433809037009875,-0.6257383724053701,-0.5067506744526327,-0.08322221258034308,-0.15945525001734495,-0.05433770455420017,-0.059048347330341734,-0.9776164300274104,0.5317456598083178,0.7860497383711239,-0.5067506744526327,-0.7240320757652322,-0.3667212381648521,0.08741343626752496,-0.20790113089606166,0.00936634854103128,-0.9314811646472663,0.3737749596281598,0.37684660746405524,-0.08322221258034308,-0.3667212381648521,-0.14373555220663548,-0.12602659376959005,-0.0227689982081453,-0.049044243060052395,-0.387267445679754,0.5680137159458051,0.6377204192491869,-0.15945525001734495,0.08741343626752496,-0.12602659376959005,0.007498163729906082,-0.02908981932948033,0.07681481206479172,-0.1477502069901675,0.022914473122606676,-0.10303232663621505,-0.05433770455420017,-0.20790113089606166,-0.0227689982081453,-0.02908981932948033,-0.12929241235057512,-0.17478337278589606,0.18374095053877681,0.07944975917538007,0.17437863807814816,-0.059048347330341734,0.00936634854103128,-0.049044243060052395,0.07681481206479172,-0.17478337278589606,0.14800850550333658,0.1341859950334765
-1.1507662266182404,-1.227846737136133,0.33157123520504683,0.08912166832790512,0.011176759260706604,0.25773288422108936,-0.363686937179106,-0.4109684660021837,0.3119965743389912,-1.227846737136133,-0.90585223872525,0.3468692865377913,0.4206009781143267,-0.0384945486827443,0.2647869058419019,-0.19369764389315,-0.2470409198819349,0.3498229735996574,0.33157123520504683,0.3468692865377913,-0.6508752667189887,-0.6366168422003639,-0.2954438158776611,-0.3467044441495091,-0.13225288436903307,-0.34142272391666967,-0.9115293934009969,0.08912166832790512,0.4206009781143267,-0.6366168422003639,-1.059075989527638,-0.722270994214346,-0.3156597078001799,-0.4356061818931924,-0.498223255466054,-0.8436927958973683,0.011176759260706604,-0.0384945486827443,-0.2954438158776611,-0.722270994214346,-0.6543281184664617,-0.47700720676220953,-0.44484447621895623,-0.6143911962863058,-0.35341447219252586,0.25773288422108936,0.2647869058419019,-0.3467044441495091,-0.3156597078001799,-0.47700720676220953,-0.36638515108885866,-0.33100779956051457,-0.3285636553385605,-0.05379258282482624,-0.363686937179106,-0.19369764389315,-0.13225288436903307,-0.4356061818931924,-0.44484447621895623,-0.33100779956051457,-0.19434286390120784,-0.5378357861579085,0.25316354678943753,-0.4109684660021837,-0.2470409198819349,-0.34142272391666967,-0.498223255466054,-0.6143911962863058,-0.3285636553385605,-0.5378357861579085,-0.4084979513815294,0.19697435153648257
-1.1162862973093677,-1.3101632827698875,0.25968818170561764,0.34050252694093314,0.05107757295869921,0.3019649180932902,-0.47253523718488094,-0.24691320006968454,0.11923805391415954,-1.3101632827698875,-0.9161812259311167,0.2865524165293512,0.7884565520604762,0.05876499462950361,0.39519248260573175,-0.3052453364362009,-0.12918223516317084,0.0815386543981731,0.25968818170561764,0.2865524165293512,-0.9861308369436301,-0.6428557380762262,-0.33279665972804645,-0.29086766083491966,-0.3830874153354671,-0.41770738357445225,-1.1249458906240761,0.34050252694093314,0.7884565520604762,-0.6428557380762262,-0.7119223909879414,-0.5394673928579625,-0.012812325323466212,-0.3431343938961315,-0.09789727719423051,-1.0768173751421273,0.05107757295869921,0.05876499462950361,-0.33279665972804645,-0.5394673928579625,-0.5651929170320119,-0.2931972477235831,-0.5088796868512871,-0.5193458942812866,-0.5275007151067257,0.3019649180932902,0.39519248260573175,-0.29086766083491966,-0.012812325323466212,-0.2931972477235831,-0.20697428982627267,-0.25995900177319226,-0.09413050400326028,-0.25616720458492637,-0.47253523718488094,-0.3052453364362009,-0.3830874153354671,-0.3431343938961315,-0.5088796868512871,-0.25995900177319226,-0.3672420310904272,-0.5206018625564562,0.010425256099551916,-0.24691320006968454,-0.12918223516317084,-0.41770738357445225,-0.09789727719423051,-0.5193458942812866,-0.09413050400326028,-0.5206018625564562,-0.18181450643654293,0.015737689565867186
-0.7833519913256168,-0.8499477015963445,0.7989486066314081,0.6180281719813744,0.4742099406818549,0.6554594535070161,0.1225284334893028,0.058785332987705864,0.26600056514143944,-0.8499477015963445,-0.4665092355571687,0.8150215789210051,1.0330792012779664,0.5292662932382276,0.7311613293519864,0.07160201707544427,0.2878647116788973,0.25302660185843706,0.7989486066314081,0.8150215789210051,-0.22018009082724652,-0.14280868818362555,0.16420877864584327,0.09386047185398638,0.21774077927693725,0.12291059534375866,-1.0237865634262562,0.6180281719813744,1.0330792012779664,-0.14280868818362555,-0.3724969370911519,-0.22017565907056755,0.234008726120616,0.007754191135366757,0.10499907750636339,-0.9327179975807667,0.4742099406818549,0.5292662932382276,0.16420877864584327,-0.22017565907056755,0.023196501036485035,-0.035257949804266296,-0.021355874836444855,-0.046925315943857036,-0.357149226590991,0.6554594535070161,0.7311613293519864,0.09386047185398638,0.234008726120616,-0.035257949804266296,0.17906138921777406,0.05371394443015257,0.12140133804253612,-0.11893915524706244,0.1225284334893028,0.07160201707544427,0.21774077927693725,0.007754191135366757,-0.021355874836444855,0.05371394443015257,0.09506021440029144,-0.20385711329678693,0.18644280720036477,0.058785332987705864,0.2878647116788973,0.12291059534375866,0.10499907750636339,-0.046925315943857036,0.12140133804253612,-0.20385711329678693,0.061588969081640244,0.18327613174915314
-0.8761872420824753,-1.286826296078895,0.4437303493516817,0.5703284093275821,0.1655850467990044,0.49421064246174257,-0.13937674601523517,-0.1914121964849378,0.16465881559997797,-1.286826296078895,-1.022250821037839,0.25565633162230433,0.6680373484268785,0.011391867185016188,0.4805221683345735,-0.2772648367875566,-0.1266285539604725,0.16531432420015335,0.4437303493516817,0.25565633162230433,-0.9116756343283717,-0.6015493700591704,-0.35936703346674,-0.20208763827885012,-0.23247870663185735,-0.4135993919335786,-1.1563380686566234,0.5703284093275821,0.6680373484268785,-0.6015493700591704,-0.6276765150638918,-0.5741905715937369,0.156812084838748,-0.2627847920715188,-0.12603373577197405,-1.1112776463851333,0.1655850467990044,0.011391867185016188,-0.35936703346674,-0.5741905715937369,-0.5913456484364873,-0.39263967905813985,-0.34036432486027013,-0.5347684000929152,-0.54551743529737,0.49421064246174257,0.4805221683345735,-0.20208763827885012,0.156812084838748,-0.39263967905813985,-0.031842324106643595,-0.07601523647705714,-0.0851299684339515,-0.19841771479696035,-0.13937674601523517,-0.2772648367875566,-0.23247870663185735,-0.2627847920715188,-0.34036432486027013,-0.07601523647705714,-0.1397006742966672,-0.4806148130446674,0.04244018346071243,-0.1914121964849378,-0.1266285539604725,-0.4135993919335786,-0.12603373577197405,-0.5347684000929152,-0.0851299684339515,-0.4806148130446674,-0.24104796893273825,0.03259390126913786
-0.6696995577464501,-1.0294267634550731,0.5659484565258026,0.38225453284879524,0.3161185284455617,0.6744390750924746,-0.08121032764514287,0.08414626059432824,0.3326110769994557,-1.0294267634550731,-1.0448235689351957,0.32063159719109535,0.4140168981005748,-0.045415036632524185,0.5268645615627369,-0.2811696353601292,-0.04272788483649492,0.333123643998988,0.5659484565258026,0.32063159719109535,-0.7058383990079165,-0.6712283253048857,-0.2530314948332186,-0.08723786131789286,-0.13308136506627002,-0.23473192440966764,-0.9462952837347984,0.38225453284879524,0.4140168981005748,-0.6712283253048857,-0.9843992174913486,-0.6469504827012619,0.03390401869546622,-0.4340465764204661,-0.13106436065087715,-0.8557575992308557,0.3161185284455617,-0.045415036632524185,-0.2530314948332186,-0.6469504827012619,-0.5745475074897209,-0.19939015184839567,-0.3231857366239031,-0.29895498758802813,-0.3521685884334147,0.6744390750924746,0.5268645615627369,-0.08723786131789286,0.03390401869546622,-0.19939015184839567,0.10417690314352512,-0.04896042309701443,0.19457102393304618,-0.08640034263953567,-0.08121032764514287,-0.2811696353601292,-0.13308136506627002,-0.4340465764204661,-0.3231857366239031,-0.04896042309701443,-0.29913568310439587,-0.3028167918479691,0.25951519096270204,0.08414626059432824,-0.04272788483649492,-0.23473192440966764,-0.13106436065087715,-0.29895498758802813,0.19457102393304618,-0.3028167918479691,0.15523377060890198,0.17720233695581555
-1.2686893437057734,-1.2879883886004488,0.16443270475914082,0.11727169125030439,-0.08173804295559724,0.3852053405717015,-0.2899935298288862,-0.4026511008075128,0.080672069452703,-1.2879883886004488,-1.0055468864738941,0.204422223692139,0.4218407172399263,0.008218150585889816,0.5522741358727217,-0.3372821131100257,-0.28269388716823113,0.07809095503762364,0.16443270475914082,0.204422223692139,-0.9941104215880235,-0.8914392800070345,-0.44797531604611623,-0.3342981245368719,-0.3833976599077384,-0.5211750232459357,-1.1372532276436687,0.11727169125030439,0.4218407172399263,-0.8914392800070345,-1.0848748004840065,-0.6991738566818336,0.031854253727942705,-0.5602305160524944,-0.46107504803997773,-1.0847048601135612,-0.08173804295559724,0.008218150585889816,-0.44797531604611623,-0.6991738566818336,-0.8308097925037146,-0.22495301067829132,-0.4055848016093175,-0.595534073576952,-0.5153458195272833,0.3852053405717015,0.5522741358727217,-0.3342981245368719,0.031854253727942705,-0.22495301067829132,0.04256273526698351,-0.13964165731643638,-0.0924633532607307,-0.23066797573119402,-0.2899935298288862,-0.3372821131100257,-0.3833976599077384,-0.5602305160524944,-0.4055848016093175,-0.13964165731643638,-0.32178706986208755,-0.6318239731396412,0.006362420506775379,-0.4026511008075128,-0.28269388716823113,-0.5211750232459357,-0.46107504803997773,-0.595534073576952,-0.0924633532607307,-0.6318239731396412,-0.3825080154153208,-0.0021471409127116203
-0.9961725970109304,-1.1689006259354453,0.8345370950798193,0.5790321609626213,0.2734142138506286,0.6311573199927807,-0.12386107778487106,-0.13710405677556992,0.3022913639433682,-1.1689006259354453,-0.9424113522594174,0.7288566633748511,0.8766899430193007,0.1424283172818832,0.7194023633686205,0.006574125960469246,0.05917674145894125,0.2751082368195057,0.8345370950798193,0.7288566633748511,-0.3511076842745145,-0.26761281428237754,0.02449895426495156,0.07289185894963641,0.2034064413358768,0.10501461573100339,-1.175151449162513,0.5790321609626213,0.8766899430193007,-0.26761281428237754,-0.7377105889221033,-0.5207972317487778,0.21645120401323462,-0.14484187021541098,0.013332557243605455,-1.1096529876813293,0.2734142138506286,0.1424283172818832,0.02449895426495156,-0.5207972317487778,-0.5121043001223976,-0.03850326006067917,-0.13843307828453058,-0.2653896792908199,-0.4858942776918411,0.6311573199927807,0.7194023633686205,0.07289185894963641,0.21645120401323462,-0.03850326006067917,0.1856678326924642,0.0463328476374348,0.34779547185947496,-0.18849952495656908,-0.12386107778487106,0.006574125960469246,0.2034064413358768,-0.14484187021541098,-0.13843307828453058,0.0463328476374348,0.10776845862468083,-0.20045466744340956,0.2229260541498661,-0.13710405677556992,0.05917674145894125,0.10501461573100339,0.013332557243605455,-0.2653896792908199,0.34779547185947496,-0.20045466744340956,0.13378852171202502,0.18606693111360073
-1.1083634061117966,-1.2186677458230406,0.4156436148720483,0.31655837564418715,0.20998053128520647,0.32255485219260055,-0.39011682321627933,-0.2872957969084382,0.1870693932287395,-1.2186677458230406,-1.0019660832670827,0.46772784933758277,0.6229334638919681,0.0852089860321333,0.4243431102950126,-0.4025561755988747,-0.24577704126325747,0.2235352983698249,0.4156436148720483,0.46772784933758277,-0.6702528366198143,-0.4838729963327448,-0.10443323353926341,-0.1579891291912645,-0.16248374929030737,-0.1989781099061171,-1.0621104300953448,0.31655837564418715,0.6229334638919681,-0.4838729963327448,-0.6232422391573588,-0.42608172302910435,0.010540264503409466,-0.3729383454968532,-0.20649953341732422,-1.005734706763178,0.20998053128520647,0.0852089860321333,-0.10443323353926341,-0.42608172302910435,-0.3623555426796277,-0.1656719415138165,-0.210871119517833,-0.3781214018041889,-0.4657391398213804,0.32255485219260055,0.4243431102950126,-0.1579891291912645,0.010540264503409466,-0.1656719415138165,-0.02953527867794037,-0.2071202814889451,-0.12091517134103924,-0.13718462036922574,-0.39011682321627933,-0.4025561755988747,-0.16248374929030737,-0.3729383454968532,-0.210871119517833,-0.2071202814889451,-0.3024969759086768,-0.5977025283500552,0.14376040070783347,-0.2872957969084382,-0.24577704126325747,-0.1989781099061171,-0.20649953341732422,-0.3781214018041889,-0.12091517134103924,-0.5977025283500552,-0.23178390227258205,0.11993621289730072
-0.7023984765013059,-1.0482138007258375,0.5169831475077744,0.5352414014438788,0.18197225305872658,0.5035175298721697,-0.16073795702929297,0.06351103445437427,0.22468842938542366,-1.0482138007258375,-1.0156770466516416,0.29506504794793087,0.6036139878754815,0.036932637837405004,0.44160623501450874,-0.39799190529932577,-0.10225328205463786,0.189728993922472,0.5169831475077744,0.29506504794793087,-0.7818728304488111,-0.6226354210026636,-0.22982714042788488,-0.25383983554954015,-0.24805070697430018,-0.2618431375682428,-0.968030990101397,0.5352414014438788,0.6036139878754815,-0.6226354210026636,-0.6905373881260554,-0.5075752201955765,0.0665197722684449,-0.41950964368879795,-0.07242280376764636,-0.9327622395940125,0.18197225305872658,0.036932637837405004,-0.22982714042788488,-0.5075752201955765,-0.4069303667638451,-0.1402575783205672,-0.37313100828517537,-0.2900762530043721,-0.44723266270011663,0.5035175298721697,0.44160623501450874,-0.25383983554954015,0.0665197722684449,-0.1402575783205672,-0.16763158153571567,-0.1675292008796229,0.13083456381309588,-0.20144091919064522,-0.16073795702929297,-0.39799190529932577,-0.24805070697430018,-0.41950964368879795,-0.37313100828517537,-0.1675292008796229,-0.3624924458563328,-0.39807516856429476,0.12774189375340939,0.06351103445437427,-0.10225328205463786,-0.2618431375682428,-0.07242280376764636,-0.2900762530043721,0.13083456381309588,-0.39807516856429476,0.0035912420911093554,0.10220876894891262
-0.8539534586792191,-1.0941044851594295,0.6192646366544068,0.48091903437549943,0.2208331983226041,0.43188772024586797,-0.13948994393770894,-0.058065416757017374,0.26562718767672777,-1.0941044851594295,-0.9365743089001626,0.49207032995764166,0.58620052097831,0.00813842312588046,0.34192947814396274,-0.2997345940287535,-0.07615674228873104,0.26318486500531435,0.6192646366544068,0.49207032995764166,-0.6898329304337191,-0.6000145450234405,-0.25763538386672735,-0.25872697386269766,-0.18773724542309841,-0.23348569481944045,-1.0686876000836492,0.48091903437549943,0.58620052097831,-0.6000145450234405,-0.9454867634922252,-0.686148615088313,-0.08284766048503349,-0.3258706178748973,-0.15033078969766625,-1.023331513395533,0.2208331983226041,0.00813842312588046,-0.25763538386672735,-0.686148615088313,-0.5380655342402557,-0.36433925370996195,-0.3447026877353589,-0.3564292144340773,-0.4354380127042532,0.43188772024586797,0.34192947814396274,-0.25872697386269766,-0.08284766048503349,-0.36433925370996195,-0.09174958802759647,-0.18143438889334598,-0.09824493442041178,-0.1666730884462595,-0.13948994393770894,-0.2997345940287535,-0.18773724542309841,-0.3258706178748973,-0.3447026877353589,-0.18143438889334598,-0.15798993284503618,-0.36246746002386016,0.18877597525715828,-0.058065416757017374,-0.07615674228873104,-0.23348569481944045,-0.15033078969766625,-0.3564292144340773,-0.09824493442041178,-0.36246746002386016,-0.11939120851457119,0.16811727453023195
-0.9654350013782581,-1.2755380642289917,0.3751699809604965,0.3110593617505704,0.061905267337958016,0.4284366763507326,-0.22925296650889018,-0.22578671046843132,0.28064368458581157,-1.2755380642289917,-1.1907083087911208,0.16394965102266093,0.47203055780846626,-0.13675113844995698,0.3663537585331748,-0.4104475149263938,-0.23368243065973124,0.2870568367652595,0.3751699809604965,0.16394965102266093,-0.8804079101733203,-0.7044519824364824,-0.4104038121490099,-0.3876935699955541,-0.2433992486137567,-0.3658300512471217,-0.9826923971995711,0.3110593617505704,0.47203055780846626,-0.7044519824364824,-0.940627590365087,-0.6719960507083064,-0.00933101117455711,-0.4098653467760111,-0.2959835823082055,-0.910603272728622,0.061905267337958016,-0.13675113844995698,-0.4104038121490099,-0.6719960507083064,-0.7016949180203179,-0.3523282433549563,-0.44695705858369666,-0.5228754570707679,-0.3759871425572783,0.4284366763507326,0.3663537585331748,-0.3876935699955541,-0.00933101117455711,-0.3523282433549563,-0.19929308878878751,-0.08890956190104286,-0.10069473677625258,-0.06318314309464768,-0.22925296650889018,-0.4104475149263938,-0.2433992486137567,-0.4098653467760111,-0.44695705858369666,-0.08890956190104286,-0.22910814794401327,-0.5182467211658756,0.2251133732497692,-0.22578671046843132,-0.23368243065973124,-0.3658300512471217,-0.2959835823082055,-0.5228754570707679,-0.10069473677625258,-0.5182467211658756,-0.24747616052627563,0.20541563630104065
-1.6761369164037167e-05,7.328321482393343e-06,-1.2882378803645037e-05,-5.236329465395014e-06,-4.839129190901625e-06,-2.3821989164008774e-05,5.646427762863348e-06,-6.9600217922874285e-06,-0.0015531156153959728,7.328321482393343e-06,3.13595517820141e-05,1.1876746905080994e-05,1.8069167725257463e-05,1.7068239455620574e-05,-1.562783504126805e-08,2.967012527538342e-05,1.6873502825902175e-05,-0.005134185895846377,-1.2882378803645037e-05,1.1876746905080994e-05,-1.0755549108127335e-05,-1.5433337941188644e-06,-3.248768001350333e-06,-2.0185800873614358e-05,9.351394901540964e-06,-3.2273289072556955e-06,-0.003956591594692105,-5.236329465395014e-06,1.8069167725257463e-05,-1.5433337941188644e-06,6.4882795579757e-06,4.679244641254283e-06,-1.2295523690616766e-05,1.7233128978769443e-05,4.690712120434789e-06,-0.004107713038268826,-4.839129190901625e-06,1.7068239455620574e-05,-3.248768001350333e-06,4.679244641254283e-06,2.8895466611336463e-06,-1.4514948164847213e-05,1.5444771945125735e-05,2.8681612339129624e-06,-0.003685108780306612,-2.3821989164008774e-05,-1.562783504126805e-08,-2.0185800873614358e-05,-1.2295523690616766e-05,-1.4514948164847213e-05,-3.1067918809558757e-05,-1.5321769932204234e-06,-1.4126706529369913e-05,-0.004082266635791277,5.646427762863348e-06,2.967012527538342e-05,9.351394901540964e-06,1.7233128978769443e-05,1.5444771945125735e-05,-1.5321769932204234e-06,2.7985489727613063e-05,1.5437761556752195e-05,-0.003993543108842168,-6.9600217922874285e-06,1.6873502825902175e-05,-3.2273289072556955e-06,4.690712120434789e-06,2.8681612339129624e-06,-1.4126706529369913e-05,1.5437761556752195e-05,2.8496560119020352e-06,-0.004036131805583787
-1.2028865046926143,-1.2719674968534609,0.003336315378406951,0.13650372405192712,-0.07388097976658752,0.12608621070147544,-0.5586187889707735,-0.31727097041297964,0.29298424045555294,-1.2719674968534609,-1.0437633631130059,-0.07061920935909012,0.455556892901465,-0.15554934786632657,0.0404864139854908,-0.5836271850663858,-0.2879900087912877,0.2953415911179036,0.003336315378406951,-0.07061920935909012,-1.435180307676396,-1.0971020077170888,-0.8391829932418968,-0.8446053524191187,-0.7803551880642777,-0.6941303921242561,-0.9882708184886724,0.13650372405192712,0.455556892901465,-1.0971020077170888,-1.0205209352328286,-0.8828489322962317,-0.3762563491909532,-0.7534305726148887,-0.42656574410405784,-0.9325216740835458,-0.07388097976658752,-0.15554934786632657,-0.8391829932418968,-0.8828489322962317,-0.7848619666571418,-0.824003700632602,-0.8210785726162916,-0.6920804587813715,-0.3714945702813566,0.12608621070147544,0.0404864139854908,-0.8446053524191187,-0.3762563491909532,-0.824003700632602,-0.6137296545008818,-0.7317581088282168,-0.4160574736694495,-0.12546598364133388,-0.5586187889707735,-0.5836271850663858,-0.7803551880642777,-0.7534305726148887,-0.8210785726162916,-0.7317581088282168,-0.7456135631849369,-0.8013925889972597,0.193366828141734,-0.31727097041297964,-0.2879900087912877,-0.6941303921242561,-0.42656574410405784,-0.6920804587813715,-0.4160574736694495,-0.8013925889972597,-0.3182065753887097,0.1969300217460841
-1.176360720768571,-1.2422848253821333,0.37540660084535676,0.2817051579865317,0.22709721808011332,0.3462685936441024,-0.3518134073043863,-0.27701503134691546,0.20640687691047788,-1.2422848253821333,-1.1663023854295413,0.3420403003692627,0.6231230340587596,0.2633375786244869,0.32949198068430025,-0.3956544706597924,-0.2510337167574714,0.23473114846274257,0.37540660084535676,0.3420403003692627,-0.6906870752573013,-0.6071461335911105,-0.14414369454607368,-0.3323965244926512,-0.352959511258329,-0.3399560071217517,-1.068360002245754,0.2817051579865317,0.6231230340587596,-0.6071461335911105,-0.8323280379797021,-0.40475453645922244,0.048792783015718065,-0.4382784197417398,-0.22687004413455725,-0.9569132993929088,0.22709721808011332,0.2633375786244869,-0.14414369454607368,-0.40475453645922244,-0.15382814779877663,-0.1600039666518569,-0.2490635703628262,-0.27629701187834144,-0.4347119778394699,0.3462685936441024,0.32949198068430025,-0.3323965244926512,0.048792783015718065,-0.1600039666518569,-0.22456767782568932,-0.25441119730627787,-0.117355630461437,-0.16058103134855628,-0.3518134073043863,-0.3956544706597924,-0.352959511258329,-0.4382784197417398,-0.2490635703628262,-0.25441119730627787,-0.40386504121124744,-0.5773745126401385,0.13382090954110026,-0.27701503134691546,-0.2510337167574714,-0.3399560071217517,-0.22687004413455725,-0.27629701187834144,-0.117355630461437,-0.5773745126401385,-0.25380809356768924,0.08945879526436329
-0.7434100701163212,-1.0472646839916642,0.5550198089331388,0.52367840676258,0.3824505676748231,0.4787663236881296,-0.12620990226666132,-0.020591168974836666,0.28190136105695274,-1.0472646839916642,-0.9760126130034398,0.4422863753667787,0.6077428745726808,0.19406367997484306,0.38204298665126807,-0.27475931336326503,-0.12823480953616997,0.2930405316874385,0.5550198089331388,0.4422863753667787,-0.604164074951162,-0.45678967136579257,-0.13459299031334618,-0.3000442355405539,-0.06734352675266564,-0.203084598799857,-1.0001800451427698,0.52367840676258,0.6077428745726808,-0.45678967136579257,-0.6956386460612217,-0.43384172138758004,-0.05710476094585223,-0.2954886225052178,-0.17880153481382877,-0.8810570370405912,0.3824505676748231,0.19406367997484306,-0.13459299031334618,-0.43384172138758004,-0.23294132513304552,-0.33547702245414257,-0.10153109797586997,-0.3204760005076726,-0.36162938899360597,0.4787663236881296,0.38204298665126807,-0.3000442355405539,-0.05710476094585223,-0.33547702245414257,-0.24298707023262978,-0.16766733299785605,-0.08234295590470235,-0.12118455301970243,-0.12620990226666132,-0.27475931336326503,-0.06734352675266564,-0.2954886225052178,-0.10153109797586997,-0.16766733299785605,-0.0171626266092062,-0.3443274674937129,0.1844688542187214,-0.020591168974836666,-0.12823480953616997,-0.203084598799857,-0.17880153481382877,-0.3204760005076726,-0.08234295590470235,-0.3443274674937129,-0.22702058870345354,0.17307609831914306
-0.9870010850331167,-1.032544312998701,0.5036427141166736,0.3767865275342772,0.2060628371944718,0.3918273625894894,-0.3858849298946736,-0.1818056123448091,0.24559832829982042,-1.032544312998701,-0.7853866455455621,0.4899442655344804,0.6840819648156563,0.18355991505197503,0.5882522920146585,-0.3136018276757871,0.028208000119775534,0.24349881429225206,0.5036427141166736,0.4899442655344804,-0.5367449733118216,-0.49695848549405736,-0.1768191639943737,-0.13196952796230713,-0.24276939453557134,-0.16620699067910513,-1.008285122923553,0.3767865275342772,0.6840819648156563,-0.49695848549405736,-0.7730354977150758,-0.42876834794767876,-0.036478287540376166,-0.4589454500625531,-0.09575609645495813,-0.9235392492264509,0.2060628371944718,0.18355991505197503,-0.1768191639943737,-0.42876834794767876,-0.29913606618619326,-0.1324560699662882,-0.3063480478389877,-0.30280962648379983,-0.4190203156322241,0.3918273625894894,0.5882522920146585,-0.13196952796230713,-0.036478287540376166,-0.1324560699662882,-0.07748943070570624,-0.2313641622895375,0.04806537367403509,-0.14880597777664661,-0.3858849298946736,-0.3136018276757871,-0.24276939453557134,-0.4589454500625531,-0.3063480478389877,-0.2313641622895375,-0.34098294128974277,-0.4297339647697906,0.10435877833515406,-0.1818056123448091,0.028208000119775534,-0.16620699067910513,-0.09575609645495813,-0.30280962648379983,0.04806537367403509,-0.4297339647697906,-0.04369913196812073,0.08413398312404752
-0.8709290839421252,-1.0391258002685693,0.6006759589072317,0.42081459929856163,0.3092095737811178,0.5288029866447999,-0.2702938454070439,-0.09092130768112838,0.3885889444500208,-1.0391258002685693,-0.8572788467863575,0.5054044035302164,0.6377754674952788,0.19824149360647425,0.5921119977137711,-0.41933623000901815,-0.0074873893657544,0.4014512933790684,0.6006759589072317,0.5054044035302164,-0.5173741957793633,-0.5683622676879168,-0.10016598839623232,-0.09007796489947006,-0.18140229365477958,-0.10514771503706773,-0.887195817194879,0.42081459929856163,0.6377754674952788,-0.5683622676879168,-0.8969453312456608,-0.5415514293126762,0.10096048594759936,-0.46323747746646404,-0.10505965887568891,-0.8589629139751196,0.3092095737811178,0.19824149360647425,-0.10016598839623232,-0.5415514293126762,-0.4294906153033177,-0.17887019963627523,-0.3152502456990381,-0.2967536738142371,-0.30489350482821465,0.5288029866447999,0.5921119977137711,-0.09007796489947006,0.10096048594759936,-0.17887019963627523,-0.029287467400291867,-0.23882158816562185,0.06577418985152776,-0.006967688910663128,-0.2702938454070439,-0.41933623000901815,-0.18140229365477958,-0.46323747746646404,-0.3152502456990381,-0.23882158816562185,-0.46215231126795214,-0.4373340727761388,0.3354896269738674,-0.09092130768112838,-0.0074873893657544,-0.10514771503706773,-0.10505965887568891,-0.2967536738142371,0.06577418985152776,-0.4373340727761388,0.0473711850742499,0.26102965511381626
